timestamp,hour,vehicle_count,light_usage,is_weekend
2026-01-01 00:00:00,0,12,22.84347139765763,0
2026-01-01 01:00:00,1,13,26.49105971281605,0
2026-01-01 02:00:00,2,8,21.45172608610164,0
2026-01-01 03:00:00,3,17,26.379869458305816,0
2026-01-01 04:00:00,4,7,22.73012008717193,0
2026-01-01 05:00:00,5,7,20.713540492859487,0
2026-01-01 06:00:00,6,11,3.978439510684404,0
2026-01-01 07:00:00,7,62,35.49542494151805,0
2026-01-01 08:00:00,8,69,43.23349466519055,0
2026-01-01 09:00:00,9,70,40.67539259732942,0
2026-01-01 10:00:00,10,54,29.928447399026933,0
2026-01-01 11:00:00,11,40,18.150503627573087,0
2026-01-01 12:00:00,12,34,17.801845179419733,0
2026-01-01 13:00:00,13,28,15.271396036691343,0
2026-01-01 14:00:00,14,33,16.461612500413448,0
2026-01-01 15:00:00,15,33,20.749556369017878,0
2026-01-01 16:00:00,16,89,60.2895781420882,0
2026-01-01 17:00:00,17,102,74.97831270005796,0
2026-01-01 18:00:00,18,93,62.92565975224045,0
2026-01-01 19:00:00,19,70,58.89372247173824,0
2026-01-01 20:00:00,20,13,23.78773656237994,0
2026-01-01 21:00:00,21,9,21.60279260882142,0
2026-01-01 22:00:00,22,2,18.980311583210586,0
2026-01-01 23:00:00,23,7,23.75924445243783,0
2026-01-02 00:00:00,0,11,19.27891968927453,0
2026-01-02 01:00:00,1,11,22.034835439167367,0
2026-01-02 02:00:00,2,6,22.603352577681736,0
2026-01-02 03:00:00,3,15,25.987560238232398,0
2026-01-02 04:00:00,4,5,20.506575248297573,0
2026-01-02 05:00:00,5,11,24.756090254244718,0
2026-01-02 06:00:00,6,7,6.2736820466723655,0
2026-01-02 07:00:00,7,68,39.32758675183866,0
2026-01-02 08:00:00,8,88,64.03248005714164,0
2026-01-02 09:00:00,9,79,54.01206579578405,0
2026-01-02 10:00:00,10,43,21.55476049078975,0
2026-01-02 11:00:00,11,43,25.921073132931937,0
2026-01-02 12:00:00,12,39,23.534287311628013,0
2026-01-02 13:00:00,13,13,10.088805008750448,0
2026-01-02 14:00:00,14,40,20.401985299068265,0
2026-01-02 15:00:00,15,40,17.024862170798215,0
2026-01-02 16:00:00,16,86,59.8942251430235,0
2026-01-02 17:00:00,17,112,89.0834595634527,0
2026-01-02 18:00:00,18,77,49.04148591283093,0
2026-01-02 19:00:00,19,103,94.30250221931938,0
2026-01-02 20:00:00,20,7,22.67153486622671,0
2026-01-02 21:00:00,21,10,24.437289981065778,0
2026-01-02 22:00:00,22,6,20.72467570680446,0
2026-01-02 23:00:00,23,8,18.992970103735765,0
2026-01-03 00:00:00,0,4,21.40211054435978,1
2026-01-03 01:00:00,1,4,20.410825733249705,1
2026-01-03 02:00:00,2,1,19.36370935446928,1
2026-01-03 03:00:00,3,3,19.04044546155676,1
2026-01-03 04:00:00,4,3,21.453101713629078,1
2026-01-03 05:00:00,5,7,21.994155625663677,1
2026-01-03 06:00:00,6,4,5.7311081684676655,1
2026-01-03 07:00:00,7,24,12.626972249101566,1
2026-01-03 08:00:00,8,32,21.446484224970572,1
2026-01-03 09:00:00,9,31,16.608094684667225,1
2026-01-03 10:00:00,10,15,6.7876439247609355,1
2026-01-03 11:00:00,11,20,12.503866065373549,1
2026-01-03 12:00:00,12,19,8.786225090410522,1
2026-01-03 13:00:00,13,21,8.60129787441544,1
2026-01-03 14:00:00,14,18,14.600911251619959,1
2026-01-03 15:00:00,15,12,6.987404540794457,1
2026-01-03 16:00:00,16,36,17.6730486917676,1
2026-01-03 17:00:00,17,26,13.717125949612054,1
2026-01-03 18:00:00,18,29,15.952184861270364,1
2026-01-03 19:00:00,19,30,33.599868810035076,1
2026-01-03 20:00:00,20,2,19.77587696758865,1
2026-01-03 21:00:00,21,5,18.66327136713209,1
2026-01-03 22:00:00,22,4,23.494285508564854,1
2026-01-03 23:00:00,23,0,20.36926771706461,1
2026-01-04 00:00:00,0,4,22.44364574355462,1
2026-01-04 01:00:00,1,1,17.564086773831445,1
2026-01-04 02:00:00,2,5,21.718969346466373,1
2026-01-04 03:00:00,3,4,21.57289641899395,1
2026-01-04 04:00:00,4,2,20.884507394322007,1
2026-01-04 05:00:00,5,4,19.451297163947263,1
2026-01-04 06:00:00,6,7,7.592665841823575,1
2026-01-04 07:00:00,7,27,15.358107217267658,1
2026-01-04 08:00:00,8,28,16.094169207484903,1
2026-01-04 09:00:00,9,36,17.038635363296578,1
2026-01-04 10:00:00,10,19,11.430561853872996,1
2026-01-04 11:00:00,11,19,14.398585965307895,1
2026-01-04 12:00:00,12,15,7.617527671285021,1
2026-01-04 13:00:00,13,12,6.488379430069124,1
2026-01-04 14:00:00,14,15,9.807303949633289,1
2026-01-04 15:00:00,15,17,11.499366498072048,1
2026-01-04 16:00:00,16,36,21.587068154314633,1
2026-01-04 17:00:00,17,34,23.02033833317924,1
2026-01-04 18:00:00,18,39,18.690684887167436,1
2026-01-04 19:00:00,19,29,30.969944830486373,1
2026-01-04 20:00:00,20,3,22.073000988184184,1
2026-01-04 21:00:00,21,4,20.734342174686255,1
2026-01-04 22:00:00,22,2,17.390305550628273,1
2026-01-04 23:00:00,23,3,22.357797588646946,1
2026-01-05 00:00:00,0,11,20.313522442576023,0
2026-01-05 01:00:00,1,10,23.270634759457675,0
2026-01-05 02:00:00,2,5,21.432450211891055,0
2026-01-05 03:00:00,3,10,20.214059404338755,0
2026-01-05 04:00:00,4,11,23.92656905273647,0
2026-01-05 05:00:00,5,15,26.232604104069807,0
2026-01-05 06:00:00,6,3,3.7693499201697547,0
2026-01-05 07:00:00,7,85,59.152571901824416,0
2026-01-05 08:00:00,8,85,65.83046298130944,0
2026-01-05 09:00:00,9,85,60.396131280361196,0
2026-01-05 10:00:00,10,49,28.107782502611595,0
2026-01-05 11:00:00,11,36,20.197938440986533,0
2026-01-05 12:00:00,12,32,16.046362786519982,0
2026-01-05 13:00:00,13,35,18.288748278772644,0
2026-01-05 14:00:00,14,63,33.7104696148165,0
2026-01-05 15:00:00,15,46,21.554568257620698,0
2026-01-05 16:00:00,16,82,57.197901193934726,0
2026-01-05 17:00:00,17,90,61.344510444141385,0
2026-01-05 18:00:00,18,79,53.36419549786935,0
2026-01-05 19:00:00,19,79,67.43791717916395,0
2026-01-05 20:00:00,20,10,21.196799304788367,0
2026-01-05 21:00:00,21,20,27.267838044636022,0
2026-01-05 22:00:00,22,0,20.372908629538856,0
2026-01-05 23:00:00,23,6,23.084866669592447,0
2026-01-06 00:00:00,0,6,21.1505271170662,0
2026-01-06 01:00:00,1,12,24.851510388340245,0
2026-01-06 02:00:00,2,3,19.975997528318103,0
2026-01-06 03:00:00,3,7,20.338341534852574,0
2026-01-06 04:00:00,4,18,26.02996342192191,0
2026-01-06 05:00:00,5,3,22.480723894109552,0
2026-01-06 06:00:00,6,20,13.064930521102294,0
2026-01-06 07:00:00,7,64,37.3115318542675,0
2026-01-06 08:00:00,8,92,64.30466106876244,0
2026-01-06 09:00:00,9,84,58.629268106858675,0
2026-01-06 10:00:00,10,30,15.3809492878764,0
2026-01-06 11:00:00,11,7,4.59622471733142,0
2026-01-06 12:00:00,12,37,16.7494336360703,0
2026-01-06 13:00:00,13,56,29.019717244078738,0
2026-01-06 14:00:00,14,35,18.386481154572184,0
2026-01-06 15:00:00,15,54,27.508275697641125,0
2026-01-06 16:00:00,16,107,83.66546612203918,0
2026-01-06 17:00:00,17,75,49.04920694852654,0
2026-01-06 18:00:00,18,92,64.51956624568241,0
2026-01-06 19:00:00,19,91,78.83437280627648,0
2026-01-06 20:00:00,20,10,23.824261349042093,0
2026-01-06 21:00:00,21,17,22.3693690023463,0
2026-01-06 22:00:00,22,20,22.095824400954996,0
2026-01-06 23:00:00,23,9,23.381634412969152,0
2026-01-07 00:00:00,0,11,21.55960096035881,0
2026-01-07 01:00:00,1,8,20.933998130682337,0
2026-01-07 02:00:00,2,7,23.34420419404205,0
2026-01-07 03:00:00,3,11,21.419180809478693,0
2026-01-07 04:00:00,4,14,24.39459904175322,0
2026-01-07 05:00:00,5,14,25.039257683847225,0
2026-01-07 06:00:00,6,5,5.004637919606061,0
2026-01-07 07:00:00,7,87,61.46574053086693,0
2026-01-07 08:00:00,8,79,52.23965476661757,0
2026-01-07 09:00:00,9,92,64.53685722232834,0
2026-01-07 10:00:00,10,45,23.720614695132213,0
2026-01-07 11:00:00,11,37,21.442553703974383,0
2026-01-07 12:00:00,12,48,27.74701927200128,0
2026-01-07 13:00:00,13,53,29.68700768326552,0
2026-01-07 14:00:00,14,46,24.159466486813088,0
2026-01-07 15:00:00,15,43,22.58471389126463,0
2026-01-07 16:00:00,16,91,65.79531405087383,0
2026-01-07 17:00:00,17,77,54.22977455137092,0
2026-01-07 18:00:00,18,74,44.75162277442453,0
2026-01-07 19:00:00,19,107,100.22832538792588,0
2026-01-07 20:00:00,20,13,24.70169101852856,0
2026-01-07 21:00:00,21,9,20.410491257028337,0
2026-01-07 22:00:00,22,10,21.145676576975777,0
2026-01-07 23:00:00,23,14,23.485885236995724,0
2026-01-08 00:00:00,0,5,20.482228316694012,0
2026-01-08 01:00:00,1,12,21.992550894392053,0
2026-01-08 02:00:00,2,5,21.612374422983823,0
2026-01-08 03:00:00,3,11,21.79111364925774,0
2026-01-08 04:00:00,4,7,22.109099874715273,0
2026-01-08 05:00:00,5,2,17.60507245124689,0
2026-01-08 06:00:00,6,6,5.953105696576305,0
2026-01-08 07:00:00,7,83,58.99571243389911,0
2026-01-08 08:00:00,8,88,61.00012294007315,0
2026-01-08 09:00:00,9,79,49.999941270724385,0
2026-01-08 10:00:00,10,39,19.827682722159725,0
2026-01-08 11:00:00,11,43,21.190538112895354,0
2026-01-08 12:00:00,12,45,27.190477826005157,0
2026-01-08 13:00:00,13,38,20.623423444197883,0
2026-01-08 14:00:00,14,46,23.97755905622833,0
2026-01-08 15:00:00,15,42,22.24518480156359,0
2026-01-08 16:00:00,16,91,63.05898043228907,0
2026-01-08 17:00:00,17,90,64.4959965824909,0
2026-01-08 18:00:00,18,111,90.72354165217043,0
2026-01-08 19:00:00,19,122,117.28530487422391,0
2026-01-08 20:00:00,20,14,24.146684011476705,0
2026-01-08 21:00:00,21,20,24.383403429289697,0
2026-01-08 22:00:00,22,5,19.926214709111957,0
2026-01-08 23:00:00,23,0,18.94848995663848,0
2026-01-09 00:00:00,0,6,21.680787572952415,0
2026-01-09 01:00:00,1,11,26.557341678431772,0
2026-01-09 02:00:00,2,14,22.626192688675197,0
2026-01-09 03:00:00,3,5,22.108838343013012,0
2026-01-09 04:00:00,4,3,24.307917531708707,0
2026-01-09 05:00:00,5,15,23.18664869579059,0
2026-01-09 06:00:00,6,1,7.912744748330826,0
2026-01-09 07:00:00,7,78,53.495632623946925,0
2026-01-09 08:00:00,8,64,37.081249954092456,0
2026-01-09 09:00:00,9,80,53.09396118752949,0
2026-01-09 10:00:00,10,35,19.370699864695,0
2026-01-09 11:00:00,11,29,14.720241029957414,0
2026-01-09 12:00:00,12,41,22.6338776681175,0
2026-01-09 13:00:00,13,47,23.195715816324263,0
2026-01-09 14:00:00,14,24,15.235353643797017,0
2026-01-09 15:00:00,15,43,21.34802692688689,0
2026-01-09 16:00:00,16,113,91.67634926858571,0
2026-01-09 17:00:00,17,107,83.78003696282023,0
2026-01-09 18:00:00,18,120,104.5106816848864,0
2026-01-09 19:00:00,19,86,76.12314190190872,0
2026-01-09 20:00:00,20,13,26.182263115064696,0
2026-01-09 21:00:00,21,5,22.497102919996877,0
2026-01-09 22:00:00,22,15,20.607521027153773,0
2026-01-09 23:00:00,23,4,16.8015356444798,0
2026-01-10 00:00:00,0,3,22.080084511591924,1
2026-01-10 01:00:00,1,7,21.79318956083955,1
2026-01-10 02:00:00,2,7,18.884797083570216,1
2026-01-10 03:00:00,3,0,19.88890460220676,1
2026-01-10 04:00:00,4,4,20.814610503811814,1
2026-01-10 05:00:00,5,0,19.821759920974422,1
2026-01-10 06:00:00,6,1,6.544345097660077,1
2026-01-10 07:00:00,7,33,15.16524042734529,1
2026-01-10 08:00:00,8,29,12.886572956222098,1
2026-01-10 09:00:00,9,31,17.915284641002476,1
2026-01-10 10:00:00,10,12,9.12809303103569,1
2026-01-10 11:00:00,11,13,6.8592543354753115,1
2026-01-10 12:00:00,12,15,7.054515355161252,1
2026-01-10 13:00:00,13,13,6.049244214822304,1
2026-01-10 14:00:00,14,23,12.315527103943458,1
2026-01-10 15:00:00,15,13,8.872959821468445,1
2026-01-10 16:00:00,16,35,17.683060800933553,1
2026-01-10 17:00:00,17,39,21.92001542009461,1
2026-01-10 18:00:00,18,32,15.36836351871064,1
2026-01-10 19:00:00,19,34,27.976157670528828,1
2026-01-10 20:00:00,20,0,22.73374853488905,1
2026-01-10 21:00:00,21,7,21.146927920887244,1
2026-01-10 22:00:00,22,5,21.747500309087073,1
2026-01-10 23:00:00,23,10,24.73914982286915,1
2026-01-11 00:00:00,0,3,18.733919118799147,1
2026-01-11 01:00:00,1,0,20.406927271734446,1
2026-01-11 02:00:00,2,2,17.575492580804653,1
2026-01-11 03:00:00,3,2,18.25690399277121,1
2026-01-11 04:00:00,4,7,23.4082795138989,1
2026-01-11 05:00:00,5,3,23.604888277780052,1
2026-01-11 06:00:00,6,4,4.157431597343472,1
2026-01-11 07:00:00,7,38,20.89782008736932,1
2026-01-11 08:00:00,8,27,13.664322643832783,1
2026-01-11 09:00:00,9,28,11.754400538071327,1
2026-01-11 10:00:00,10,19,14.423833280940261,1
2026-01-11 11:00:00,11,10,8.625938473381142,1
2026-01-11 12:00:00,12,13,7.470749232470608,1
2026-01-11 13:00:00,13,13,6.717018460640368,1
2026-01-11 14:00:00,14,16,7.818099767177925,1
2026-01-11 15:00:00,15,17,9.744523781101726,1
2026-01-11 16:00:00,16,34,15.764872675916806,1
2026-01-11 17:00:00,17,32,18.03078245165151,1
2026-01-11 18:00:00,18,39,18.449889510402897,1
2026-01-11 19:00:00,19,36,35.18277424674358,1
2026-01-11 20:00:00,20,0,21.08672038475987,1
2026-01-11 21:00:00,21,2,21.56119733718632,1
2026-01-11 22:00:00,22,2,16.810235798670963,1
2026-01-11 23:00:00,23,0,20.096169893322763,1
2026-01-12 00:00:00,0,11,20.996366749791182,0
2026-01-12 01:00:00,1,13,20.121959875462082,0
2026-01-12 02:00:00,2,9,19.782967600475086,0
2026-01-12 03:00:00,3,6,21.474797342632826,0
2026-01-12 04:00:00,4,5,20.35588891154035,0
2026-01-12 05:00:00,5,15,22.971216260953703,0
2026-01-12 06:00:00,6,14,6.520586290684765,0
2026-01-12 07:00:00,7,85,61.0081372413158,0
2026-01-12 08:00:00,8,55,29.531209489059048,0
2026-01-12 09:00:00,9,85,57.71890922791401,0
2026-01-12 10:00:00,10,43,21.637029626568356,0
2026-01-12 11:00:00,11,40,20.68864552921584,0
2026-01-12 12:00:00,12,51,28.71384168660243,0
2026-01-12 13:00:00,13,43,22.021246067755065,0
2026-01-12 14:00:00,14,35,17.259883624360757,0
2026-01-12 15:00:00,15,43,22.003031038359474,0
2026-01-12 16:00:00,16,94,72.13080159729088,0
2026-01-12 17:00:00,17,103,77.99295293566433,0
2026-01-12 18:00:00,18,108,84.1038492539569,0
2026-01-12 19:00:00,19,59,47.18882737816519,0
2026-01-12 20:00:00,20,0,19.296973031917382,0
2026-01-12 21:00:00,21,10,25.852874624550566,0
2026-01-12 22:00:00,22,11,22.36679894238227,0
2026-01-12 23:00:00,23,14,19.35772938198423,0
2026-01-13 00:00:00,0,11,24.346730387773935,0
2026-01-13 01:00:00,1,2,22.70750808641386,0
2026-01-13 02:00:00,2,11,21.974424172198397,0
2026-01-13 03:00:00,3,13,27.98638571560879,0
2026-01-13 04:00:00,4,10,22.996441172600672,0
2026-01-13 05:00:00,5,7,19.945311261070415,0
2026-01-13 06:00:00,6,14,7.067832348182266,0
2026-01-13 07:00:00,7,80,52.044685106469764,0
2026-01-13 08:00:00,8,84,57.74732421057389,0
2026-01-13 09:00:00,9,90,62.4799672022905,0
2026-01-13 10:00:00,10,37,17.287472568435387,0
2026-01-13 11:00:00,11,35,18.879600986089706,0
2026-01-13 12:00:00,12,47,23.60066935164475,0
2026-01-13 13:00:00,13,48,28.831275717609902,0
2026-01-13 14:00:00,14,44,27.233591625116134,0
2026-01-13 15:00:00,15,32,14.030690593377166,0
2026-01-13 16:00:00,16,63,40.437088622978365,0
2026-01-13 17:00:00,17,99,73.6938306581791,0
2026-01-13 18:00:00,18,94,65.72902190540326,0
2026-01-13 19:00:00,19,126,124.83844236395045,0
2026-01-13 20:00:00,20,10,23.951533247797386,0
2026-01-13 21:00:00,21,12,23.567768048558264,0
2026-01-13 22:00:00,22,6,22.32293671427199,0
2026-01-13 23:00:00,23,19,28.295840092309955,0
2026-01-14 00:00:00,0,17,23.82256864713763,0
2026-01-14 01:00:00,1,5,20.873426159800704,0
2026-01-14 02:00:00,2,10,24.688383036941897,0
2026-01-14 03:00:00,3,1,23.264100638921224,0
2026-01-14 04:00:00,4,9,21.351237860105158,0
2026-01-14 05:00:00,5,4,17.57028665626846,0
2026-01-14 06:00:00,6,14,8.926635934376808,0
2026-01-14 07:00:00,7,67,38.25484245587277,0
2026-01-14 08:00:00,8,76,52.41804305057878,0
2026-01-14 09:00:00,9,77,47.03871409376379,0
2026-01-14 10:00:00,10,37,18.69955286050466,0
2026-01-14 11:00:00,11,13,8.336410266964377,0
2026-01-14 12:00:00,12,37,20.63741272962684,0
2026-01-14 13:00:00,13,58,35.67313005909551,0
2026-01-14 14:00:00,14,37,17.03194818251666,0
2026-01-14 15:00:00,15,65,39.24343686802898,0
2026-01-14 16:00:00,16,90,63.45174982577999,0
2026-01-14 17:00:00,17,92,65.43127917615212,0
2026-01-14 18:00:00,18,81,52.911282117519214,0
2026-01-14 19:00:00,19,89,76.31815045773247,0
2026-01-14 20:00:00,20,6,21.592860455383793,0
2026-01-14 21:00:00,21,8,24.927985977165378,0
2026-01-14 22:00:00,22,0,22.183013703844924,0
2026-01-14 23:00:00,23,16,20.3332195351837,0
2026-01-15 00:00:00,0,8,21.177118268008417,0
2026-01-15 01:00:00,1,2,18.864366624818253,0
2026-01-15 02:00:00,2,4,24.384540886847244,0
2026-01-15 03:00:00,3,14,26.32311018998832,0
2026-01-15 04:00:00,4,13,21.186896457565542,0
2026-01-15 05:00:00,5,7,22.623749122455834,0
2026-01-15 06:00:00,6,3,7.070996860344777,0
2026-01-15 07:00:00,7,77,49.29535838490081,0
2026-01-15 08:00:00,8,87,61.133526622972084,0
2026-01-15 09:00:00,9,76,51.39865960672849,0
2026-01-15 10:00:00,10,29,16.236871213888527,0
2026-01-15 11:00:00,11,45,23.50590712137202,0
2026-01-15 12:00:00,12,43,20.342772847229394,0
2026-01-15 13:00:00,13,49,26.43519572711402,0
2026-01-15 14:00:00,14,34,19.67801845167378,0
2026-01-15 15:00:00,15,32,13.70307740727288,0
2026-01-15 16:00:00,16,66,41.192019902691285,0
2026-01-15 17:00:00,17,70,47.00958836396873,0
2026-01-15 18:00:00,18,58,36.81291273658008,0
2026-01-15 19:00:00,19,93,81.65157377625921,0
2026-01-15 20:00:00,20,7,22.443272228704142,0
2026-01-15 21:00:00,21,9,24.411603764033043,0
2026-01-15 22:00:00,22,10,22.800603522923755,0
2026-01-15 23:00:00,23,8,21.80610875255787,0
2026-01-16 00:00:00,0,11,19.38466321468675,0
2026-01-16 01:00:00,1,3,22.13152818804543,0
2026-01-16 02:00:00,2,10,22.132033327294643,0
2026-01-16 03:00:00,3,10,23.195163410723342,0
2026-01-16 04:00:00,4,7,20.088390549195374,0
2026-01-16 05:00:00,5,10,20.543254444769936,0
2026-01-16 06:00:00,6,12,4.71483279152432,0
2026-01-16 07:00:00,7,90,64.44519496482609,0
2026-01-16 08:00:00,8,82,56.98538196789102,0
2026-01-16 09:00:00,9,96,72.30874013003626,0
2026-01-16 10:00:00,10,21,8.845846066528598,0
2026-01-16 11:00:00,11,33,17.09718210042167,0
2026-01-16 12:00:00,12,45,22.673512373693068,0
2026-01-16 13:00:00,13,41,20.094234135293355,0
2026-01-16 14:00:00,14,33,14.231677806303557,0
2026-01-16 15:00:00,15,30,12.796630788767333,0
2026-01-16 16:00:00,16,75,50.232283593215676,0
2026-01-16 17:00:00,17,75,53.38976412967478,0
2026-01-16 18:00:00,18,97,71.81467224738975,0
2026-01-16 19:00:00,19,77,66.44561975881798,0
2026-01-16 20:00:00,20,7,21.889019629290722,0
2026-01-16 21:00:00,21,22,26.6278802005507,0
2026-01-16 22:00:00,22,15,22.718647149748225,0
2026-01-16 23:00:00,23,9,25.746601271271018,0
2026-01-17 00:00:00,0,2,24.04489711599386,1
2026-01-17 01:00:00,1,5,20.000066448211463,1
2026-01-17 02:00:00,2,5,23.07010889925346,1
2026-01-17 03:00:00,3,5,17.984550560219088,1
2026-01-17 04:00:00,4,2,19.924962728896993,1
2026-01-17 05:00:00,5,3,21.886344195101355,1
2026-01-17 06:00:00,6,4,3.2093112825797974,1
2026-01-17 07:00:00,7,33,18.266171490567647,1
2026-01-17 08:00:00,8,34,19.741561451109245,1
2026-01-17 09:00:00,9,35,19.043360158456874,1
2026-01-17 10:00:00,10,15,5.803078132968017,1
2026-01-17 11:00:00,11,17,10.260375374326223,1
2026-01-17 12:00:00,12,17,7.291502848359382,1
2026-01-17 13:00:00,13,11,9.911305706665807,1
2026-01-17 14:00:00,14,15,10.488001394745249,1
2026-01-17 15:00:00,15,16,9.539512278991491,1
2026-01-17 16:00:00,16,41,20.572910543565254,1
2026-01-17 17:00:00,17,36,17.755449422589916,1
2026-01-17 18:00:00,18,33,16.42665575306272,1
2026-01-17 19:00:00,19,37,33.28750275667305,1
2026-01-17 20:00:00,20,6,19.590785395560992,1
2026-01-17 21:00:00,21,3,19.76553788345165,1
2026-01-17 22:00:00,22,6,21.773109553023147,1
2026-01-17 23:00:00,23,6,18.408879253926056,1
2026-01-18 00:00:00,0,4,22.659261591246874,1
2026-01-18 01:00:00,1,4,23.0109607501307,1
2026-01-18 02:00:00,2,2,23.238694880371163,1
2026-01-18 03:00:00,3,8,21.194322879120683,1
2026-01-18 04:00:00,4,3,23.551768954235403,1
2026-01-18 05:00:00,5,7,20.599279945693464,1
2026-01-18 06:00:00,6,3,5.081430782278986,1
2026-01-18 07:00:00,7,26,11.742696107031604,1
2026-01-18 08:00:00,8,27,12.509404869791743,1
2026-01-18 09:00:00,9,31,16.47342946507304,1
2026-01-18 10:00:00,10,22,9.823291918522418,1
2026-01-18 11:00:00,11,19,10.177022311548983,1
2026-01-18 12:00:00,12,15,10.474638984333208,1
2026-01-18 13:00:00,13,11,8.5698194923681,1
2026-01-18 14:00:00,14,16,10.4649025280163,1
2026-01-18 15:00:00,15,17,14.755600279821788,1
2026-01-18 16:00:00,16,32,15.458006089996363,1
2026-01-18 17:00:00,17,32,15.40904576167949,1
2026-01-18 18:00:00,18,32,18.898033062215102,1
2026-01-18 19:00:00,19,44,37.33850741250105,1
2026-01-18 20:00:00,20,2,21.36283111277281,1
2026-01-18 21:00:00,21,2,21.685863635511023,1
2026-01-18 22:00:00,22,4,17.848511770005537,1
2026-01-18 23:00:00,23,7,25.236755346191043,1
2026-01-19 00:00:00,0,6,20.60459688012803,0
2026-01-19 01:00:00,1,11,23.47391357997405,0
2026-01-19 02:00:00,2,13,27.465409077532698,0
2026-01-19 03:00:00,3,9,20.60840551092309,0
2026-01-19 04:00:00,4,3,19.18313992011616,0
2026-01-19 05:00:00,5,9,25.794115727035575,0
2026-01-19 06:00:00,6,7,7.092575903277797,0
2026-01-19 07:00:00,7,79,54.38178654689617,0
2026-01-19 08:00:00,8,105,80.06326245415936,0
2026-01-19 09:00:00,9,75,50.21332175413814,0
2026-01-19 10:00:00,10,46,28.47341465147207,0
2026-01-19 11:00:00,11,45,23.40641581842588,0
2026-01-19 12:00:00,12,45,26.342407161165816,0
2026-01-19 13:00:00,13,48,27.134548062214595,0
2026-01-19 14:00:00,14,50,29.838591180891346,0
2026-01-19 15:00:00,15,53,30.94241977517929,0
2026-01-19 16:00:00,16,87,60.53842737286665,0
2026-01-19 17:00:00,17,108,83.28612865802553,0
2026-01-19 18:00:00,18,95,68.33832237534529,0
2026-01-19 19:00:00,19,90,81.0569037252146,0
2026-01-19 20:00:00,20,10,22.592873096312296,0
2026-01-19 21:00:00,21,3,22.13750713205444,0
2026-01-19 22:00:00,22,13,27.77150944661092,0
2026-01-19 23:00:00,23,8,22.35830065532788,0
2026-01-20 00:00:00,0,11,25.95990655952695,0
2026-01-20 01:00:00,1,9,22.763043051540677,0
2026-01-20 02:00:00,2,13,23.818218246312718,0
2026-01-20 03:00:00,3,7,22.033179985796615,0
2026-01-20 04:00:00,4,15,22.07196940117788,0
2026-01-20 05:00:00,5,10,21.099758370121652,0
2026-01-20 06:00:00,6,15,6.07862619043245,0
2026-01-20 07:00:00,7,74,47.93442375012904,0
2026-01-20 08:00:00,8,95,68.99349947785403,0
2026-01-20 09:00:00,9,74,50.94231413888118,0
2026-01-20 10:00:00,10,25,8.727388086759836,0
2026-01-20 11:00:00,11,44,22.47589155129478,0
2026-01-20 12:00:00,12,29,16.421712894598706,0
2026-01-20 13:00:00,13,42,21.09184273852654,0
2026-01-20 14:00:00,14,27,15.789914656560288,0
2026-01-20 15:00:00,15,46,24.581648272441235,0
2026-01-20 16:00:00,16,117,94.7048304673477,0
2026-01-20 17:00:00,17,67,39.46118386023751,0
2026-01-20 18:00:00,18,89,62.89167889864539,0
2026-01-20 19:00:00,19,86,74.8841107930286,0
2026-01-20 20:00:00,20,3,23.532529208146517,0
2026-01-20 21:00:00,21,9,24.43959166317625,0
2026-01-20 22:00:00,22,11,23.718506438307568,0
2026-01-20 23:00:00,23,12,24.01541712003463,0
2026-01-21 00:00:00,0,13,26.103305060264862,0
2026-01-21 01:00:00,1,10,23.918007515177024,0
2026-01-21 02:00:00,2,9,25.085234430898943,0
2026-01-21 03:00:00,3,6,24.98188086582163,0
2026-01-21 04:00:00,4,9,19.343449795763902,0
2026-01-21 05:00:00,5,10,21.137896685050237,0
2026-01-21 06:00:00,6,14,7.474752041395219,0
2026-01-21 07:00:00,7,75,44.34591853810894,0
2026-01-21 08:00:00,8,75,43.27724134674209,0
2026-01-21 09:00:00,9,64,39.8008293122886,0
2026-01-21 10:00:00,10,47,26.29591512356993,0
2026-01-21 11:00:00,11,30,15.404577287716041,0
2026-01-21 12:00:00,12,39,18.088270621614917,0
2026-01-21 13:00:00,13,55,32.87972458115134,0
2026-01-21 14:00:00,14,37,19.298771677989063,0
2026-01-21 15:00:00,15,42,18.136530263151418,0
2026-01-21 16:00:00,16,86,57.81603150400441,0
2026-01-21 17:00:00,17,74,46.61779941422809,0
2026-01-21 18:00:00,18,116,96.76168572253403,0
2026-01-21 19:00:00,19,81,70.15016556271232,0
2026-01-21 20:00:00,20,16,26.329267365825537,0
2026-01-21 21:00:00,21,10,21.206126444588854,0
2026-01-21 22:00:00,22,13,24.2319707708435,0
2026-01-21 23:00:00,23,14,25.05034360336394,0
2026-01-22 00:00:00,0,15,23.054529576878863,0
2026-01-22 01:00:00,1,16,24.8751992093848,0
2026-01-22 02:00:00,2,20,24.621624363820864,0
2026-01-22 03:00:00,3,18,25.615821566925295,0
2026-01-22 04:00:00,4,6,20.412228331891356,0
2026-01-22 05:00:00,5,8,22.768331892803836,0
2026-01-22 06:00:00,6,12,6.972599992122843,0
2026-01-22 07:00:00,7,79,56.28954071722373,0
2026-01-22 08:00:00,8,97,72.31764733934807,0
2026-01-22 09:00:00,9,80,53.240062653436524,0
2026-01-22 10:00:00,10,46,22.73441486960319,0
2026-01-22 11:00:00,11,37,15.907831852244822,0
2026-01-22 12:00:00,12,43,24.13939187940548,0
2026-01-22 13:00:00,13,35,21.272973526580067,0
2026-01-22 14:00:00,14,27,11.11625023958036,0
2026-01-22 15:00:00,15,42,24.314196605224307,0
2026-01-22 16:00:00,16,115,93.20723147426212,0
2026-01-22 17:00:00,17,106,82.30298306099859,0
2026-01-22 18:00:00,18,87,62.01231987497335,0
2026-01-22 19:00:00,19,99,85.65221568603151,0
2026-01-22 20:00:00,20,17,27.6051827082949,0
2026-01-22 21:00:00,21,6,22.171607066874817,0
2026-01-22 22:00:00,22,12,23.641347531647817,0
2026-01-22 23:00:00,23,7,20.301753264123896,0
2026-01-23 00:00:00,0,9,24.550458038518727,0
2026-01-23 01:00:00,1,12,22.37877133582779,0
2026-01-23 02:00:00,2,13,17.74791475873985,0
2026-01-23 03:00:00,3,15,20.6455724424438,0
2026-01-23 04:00:00,4,8,19.680660210747714,0
2026-01-23 05:00:00,5,3,22.96665357475704,0
2026-01-23 06:00:00,6,7,7.338007763461431,0
2026-01-23 07:00:00,7,79,52.959081654446244,0
2026-01-23 08:00:00,8,80,50.43401555162286,0
2026-01-23 09:00:00,9,89,61.41748683367737,0
2026-01-23 10:00:00,10,24,11.823769678068174,0
2026-01-23 11:00:00,11,55,32.82544348422699,0
2026-01-23 12:00:00,12,36,17.98148459136314,0
2026-01-23 13:00:00,13,36,22.83349596712168,0
2026-01-23 14:00:00,14,43,23.70508329438214,0
2026-01-23 15:00:00,15,50,27.977578318053027,0
2026-01-23 16:00:00,16,86,58.78730030183005,0
2026-01-23 17:00:00,17,88,61.24555552698032,0
2026-01-23 18:00:00,18,100,75.1038917716146,0
2026-01-23 19:00:00,19,100,89.83856683978283,0
2026-01-23 20:00:00,20,10,18.503598630935784,0
2026-01-23 21:00:00,21,14,24.472976951795985,0
2026-01-23 22:00:00,22,14,17.98748924361262,0
2026-01-23 23:00:00,23,20,25.720820743689654,0
2026-01-24 00:00:00,0,6,19.300188145748937,1
2026-01-24 01:00:00,1,5,19.018168873652687,1
2026-01-24 02:00:00,2,2,24.248062707733574,1
2026-01-24 03:00:00,3,3,21.079865746359445,1
2026-01-24 04:00:00,4,5,22.11636377594521,1
2026-01-24 05:00:00,5,4,21.60992200493245,1
2026-01-24 06:00:00,6,8,6.804762405932829,1
2026-01-24 07:00:00,7,32,18.621308792015224,1
2026-01-24 08:00:00,8,36,21.05406061112076,1
2026-01-24 09:00:00,9,34,15.293990174539035,1
2026-01-24 10:00:00,10,22,9.527309213962624,1
2026-01-24 11:00:00,11,17,8.336448299961285,1
2026-01-24 12:00:00,12,15,9.78252482060696,1
2026-01-24 13:00:00,13,17,10.68884150847057,1
2026-01-24 14:00:00,14,22,12.72706860302796,1
2026-01-24 15:00:00,15,15,11.053174336576715,1
2026-01-24 16:00:00,16,43,20.389784369726016,1
2026-01-24 17:00:00,17,39,21.8073454846218,1
2026-01-24 18:00:00,18,34,20.33141362662324,1
2026-01-24 19:00:00,19,35,33.376152906943084,1
2026-01-24 20:00:00,20,3,20.676158095162936,1
2026-01-24 21:00:00,21,1,17.32489823481141,1
2026-01-24 22:00:00,22,7,19.951077303363345,1
2026-01-24 23:00:00,23,2,16.113219772792572,1
2026-01-25 00:00:00,0,2,17.773820413185007,1
2026-01-25 01:00:00,1,7,23.66463417868527,1
2026-01-25 02:00:00,2,2,24.92487161068862,1
2026-01-25 03:00:00,3,5,20.475337232982756,1
2026-01-25 04:00:00,4,0,24.581885145181484,1
2026-01-25 05:00:00,5,1,16.914202506086216,1
2026-01-25 06:00:00,6,6,11.259504812678546,1
2026-01-25 07:00:00,7,37,20.37281824010472,1
2026-01-25 08:00:00,8,34,19.286831117560617,1
2026-01-25 09:00:00,9,35,18.68738284793875,1
2026-01-25 10:00:00,10,16,9.354813744200955,1
2026-01-25 11:00:00,11,12,7.558649846266453,1
2026-01-25 12:00:00,12,9,7.0083207464105,1
2026-01-25 13:00:00,13,12,5.912821365568459,1
2026-01-25 14:00:00,14,16,12.264004572689199,1
2026-01-25 15:00:00,15,19,7.463998792753646,1
2026-01-25 16:00:00,16,30,17.38154237597643,1
2026-01-25 17:00:00,17,30,15.050733700005951,1
2026-01-25 18:00:00,18,39,18.46831109027273,1
2026-01-25 19:00:00,19,36,31.01194901016359,1
2026-01-25 20:00:00,20,2,21.059563868285075,1
2026-01-25 21:00:00,21,0,20.880949475920797,1
2026-01-25 22:00:00,22,3,21.749979908834295,1
2026-01-25 23:00:00,23,4,23.608280859947687,1
2026-01-26 00:00:00,0,10,21.641188917749496,0
2026-01-26 01:00:00,1,10,23.586596058072775,0
2026-01-26 02:00:00,2,10,22.581183382407765,0
2026-01-26 03:00:00,3,6,20.054198164898104,0
2026-01-26 04:00:00,4,2,23.91915348637388,0
2026-01-26 05:00:00,5,3,19.259189604408185,0
2026-01-26 06:00:00,6,6,8.169848753888882,0
2026-01-26 07:00:00,7,77,52.54048414534747,0
2026-01-26 08:00:00,8,73,46.80298832444761,0
2026-01-26 09:00:00,9,71,48.695298255546774,0
2026-01-26 10:00:00,10,28,15.139641420454055,0
2026-01-26 11:00:00,11,46,25.607598194902998,0
2026-01-26 12:00:00,12,38,19.56035860053315,0
2026-01-26 13:00:00,13,40,20.705995996743024,0
2026-01-26 14:00:00,14,49,31.226046003182702,0
2026-01-26 15:00:00,15,34,14.840394040841847,0
2026-01-26 16:00:00,16,88,66.47941867530864,0
2026-01-26 17:00:00,17,77,53.32323361088814,0
2026-01-26 18:00:00,18,115,93.01782351658402,0
2026-01-26 19:00:00,19,98,90.87679324625708,0
2026-01-26 20:00:00,20,8,21.51283927979528,0
2026-01-26 21:00:00,21,7,19.615486538614267,0
2026-01-26 22:00:00,22,6,18.932119466475484,0
2026-01-26 23:00:00,23,10,20.960053537882715,0
2026-01-27 00:00:00,0,11,19.693208707592746,0
2026-01-27 01:00:00,1,11,24.47205792321785,0
2026-01-27 02:00:00,2,0,20.748113139695143,0
2026-01-27 03:00:00,3,16,22.060717962617588,0
2026-01-27 04:00:00,4,18,26.058038018732088,0
2026-01-27 05:00:00,5,6,21.268461844684587,0
2026-01-27 06:00:00,6,12,8.272010782824823,0
2026-01-27 07:00:00,7,85,56.283652813841265,0
2026-01-27 08:00:00,8,81,51.177571006190036,0
2026-01-27 09:00:00,9,78,49.21218471707042,0
2026-01-27 10:00:00,10,32,18.992186350420873,0
2026-01-27 11:00:00,11,50,28.718276241814355,0
2026-01-27 12:00:00,12,29,14.372183100610396,0
2026-01-27 13:00:00,13,52,29.20343382727981,0
2026-01-27 14:00:00,14,63,38.23163567878874,0
2026-01-27 15:00:00,15,41,20.986767071594997,0
2026-01-27 16:00:00,16,92,65.4150603272389,0
2026-01-27 17:00:00,17,100,76.91340463358917,0
2026-01-27 18:00:00,18,78,48.35753409288445,0
2026-01-27 19:00:00,19,62,52.63598265382508,0
2026-01-27 20:00:00,20,4,16.574218814095033,0
2026-01-27 21:00:00,21,11,27.79099903486558,0
2026-01-27 22:00:00,22,9,23.881981548903283,0
2026-01-27 23:00:00,23,10,22.302220693617716,0
2026-01-28 00:00:00,0,14,23.199450911622698,0
2026-01-28 01:00:00,1,11,23.448395612392027,0
2026-01-28 02:00:00,2,6,23.364084699073043,0
2026-01-28 03:00:00,3,9,20.69350968101431,0
2026-01-28 04:00:00,4,12,21.323064036417925,0
2026-01-28 05:00:00,5,10,22.481762006711595,0
2026-01-28 06:00:00,6,15,10.074396465759905,0
2026-01-28 07:00:00,7,79,53.640532598400576,0
2026-01-28 08:00:00,8,93,67.96062061270372,0
2026-01-28 09:00:00,9,80,50.37632753529968,0
2026-01-28 10:00:00,10,29,14.394550591290665,0
2026-01-28 11:00:00,11,33,16.67105739402911,0
2026-01-28 12:00:00,12,40,22.05938550871346,0
2026-01-28 13:00:00,13,39,21.378003287652405,0
2026-01-28 14:00:00,14,40,17.049066867292257,0
2026-01-28 15:00:00,15,30,15.21182488855677,0
2026-01-28 16:00:00,16,71,45.60485745999241,0
2026-01-28 17:00:00,17,112,92.55752370339464,0
2026-01-28 18:00:00,18,86,62.16145227369991,0
2026-01-28 19:00:00,19,92,80.04582805776393,0
2026-01-28 20:00:00,20,6,20.77506062702374,0
2026-01-28 21:00:00,21,8,22.260832444750978,0
2026-01-28 22:00:00,22,10,22.50609204030683,0
2026-01-28 23:00:00,23,12,25.501292549572682,0
2026-01-29 00:00:00,0,14,20.810204063100194,0
2026-01-29 01:00:00,1,0,21.86863982247855,0
2026-01-29 02:00:00,2,3,20.19546919621463,0
2026-01-29 03:00:00,3,4,17.27603912483996,0
2026-01-29 04:00:00,4,12,24.638310320605296,0
2026-01-29 05:00:00,5,7,16.462915415710178,0
2026-01-29 06:00:00,6,7,7.4286080108050925,0
2026-01-29 07:00:00,7,65,39.491719839558314,0
2026-01-29 08:00:00,8,79,53.16358299920218,0
2026-01-29 09:00:00,9,81,52.05886211823688,0
2026-01-29 10:00:00,10,51,27.887940853946063,0
2026-01-29 11:00:00,11,39,18.538464081853608,0
2026-01-29 12:00:00,12,35,16.3553945719462,0
2026-01-29 13:00:00,13,38,23.243416960284687,0
2026-01-29 14:00:00,14,26,10.352877204246518,0
2026-01-29 15:00:00,15,54,29.96135264569627,0
2026-01-29 16:00:00,16,79,54.08480937479216,0
2026-01-29 17:00:00,17,80,56.652019427093876,0
2026-01-29 18:00:00,18,100,74.02417718370859,0
2026-01-29 19:00:00,19,122,117.60857015399333,0
2026-01-29 20:00:00,20,13,24.043585160812984,0
2026-01-29 21:00:00,21,16,27.603022393453706,0
2026-01-29 22:00:00,22,10,20.993164259307633,0
2026-01-29 23:00:00,23,12,21.76456926049579,0
2026-01-30 00:00:00,0,20,26.273070662165473,0
2026-01-30 01:00:00,1,8,22.28936061172982,0
2026-01-30 02:00:00,2,3,18.701771922978697,0
2026-01-30 03:00:00,3,16,23.166211442057207,0
2026-01-30 04:00:00,4,4,21.953305505054573,0
2026-01-30 05:00:00,5,15,25.562906621330132,0
2026-01-30 06:00:00,6,14,7.26640982286108,0
2026-01-30 07:00:00,7,65,42.127667303910975,0
2026-01-30 08:00:00,8,76,48.578333967089904,0
2026-01-30 09:00:00,9,93,67.95746001880131,0
2026-01-30 10:00:00,10,44,27.81000468980217,0
2026-01-30 11:00:00,11,33,18.900680256162477,0
2026-01-30 12:00:00,12,40,21.537184557726516,0
2026-01-30 13:00:00,13,55,32.140671512579246,0
2026-01-30 14:00:00,14,45,26.270014674619603,0
2026-01-30 15:00:00,15,36,17.00158066532199,0
2026-01-30 16:00:00,16,74,43.247286821248,0
2026-01-30 17:00:00,17,120,98.79358326855663,0
2026-01-30 18:00:00,18,86,58.626373400222164,0
2026-01-30 19:00:00,19,94,84.6114744250786,0
2026-01-30 20:00:00,20,14,22.613845122862124,0
2026-01-30 21:00:00,21,9,22.770159900976598,0
2026-01-30 22:00:00,22,8,25.134691152039988,0
2026-01-30 23:00:00,23,12,24.589755572099637,0
